{"cameraMode":{"drawMode":0,"name":"Shaded","section":"Shading Mode"},"sceneLighting":true,"audioPlay":false,"sceneViewState":{"showFog":true,"showMaterialUpdate":false,"showSkybox":true,"showFlares":true,"showImageEffects":true,"showParticleSystems":true},"in2DMode":false,"pivot":{"x":9.273258209228516,"y":-14.9894380569458,"z":5.665925979614258},"rotation":{"x":-0.11470162868499756,"y":0.8840293884277344,"z":-0.2942434847354889,"w":-0.34461143612861636},"size":36.06642150878906,"orthographic":false}